,Rows Generated,Avg Concepts/Image
Unfiltered,14978,4.992666666666667
Filtered,11278,3.759333333333333
